id,pred
2017_1437_1438,0.6104219461995320
2017_1437_1458,0.7645350608610560
2017_1437_1439,0.8686318161044100
2017_1437_1452,0.6550151307536700
2017_1437_1462,0.8440535037639880
2017_1437_1455,0.5832461414760510
2017_1437_1448,0.8555630728709330
2017_1437_1457,0.9540834674859150
2017_1181_1437,0.33976355232195900
2017_1181_1196,0.5145731019192700
2017_1181_1438,0.4463913759436
2017_1181_1374,0.60688492712914
2017_1181_1376,0.709124973150729
2017_1181_1458,0.6255932855258210
2017_1181_1439,0.7728663139947280
2017_1181_1266,0.7588596328915740
2017_1181_1344,0.7835276162405910
2017_1181_1425,0.8803851039952860
2017_1181_1423,0.8298346257285840
2017_1181_1190,0.8186232020389320
2017_1181_1308,0.9123174554018860
2017_1181_1407,0.9495796378471740
2017_1181_1291,0.9592776551037890
2017_1181_1309,0.9629139030021750
2017_1181_1211,0.3224362081588900
2017_1181_1199,0.5868709979851330
2017_1181_1452,0.5034758230138940
2017_1181_1323,0.6134181696857870
2017_1181_1268,0.7649085695783850
2017_1181_1388,0.5642248851525730
2017_1181_1321,0.7397325502834470
2017_1181_1435,0.7356219024151720
2017_1181_1433,0.776971177312783
2017_1181_1462,0.7429672866991500
2017_1181_1343,0.8183865499404910
2017_1181_1195,0.8896997610382830
2017_1181_1315,0.9411397984080570
2017_1181_1355,0.9349538455730850
2017_1181_1242,0.4424454580511300
2017_1181_1257,0.45147643442009700
2017_1181_1332,0.49316821791335100
2017_1181_1345,0.5885044805777230
2017_1181_1235,0.5833791417479880
2017_1181_1276,0.6124187519016870
2017_1181_1274,0.6652337624693490
2017_1181_1277,0.7387854793043810
2017_1181_1329,0.5902049954483700
2017_1181_1348,0.754643218810473
2017_1181_1305,0.7604603509237620
2017_1181_1436,0.8297302979458360
2017_1181_1233,0.9147145223676940
2017_1181_1240,0.9302249409179980
2017_1181_1300,0.9376679665958450
2017_1181_1413,0.9524699320309610
2017_1181_1314,0.3920671723832810
2017_1181_1246,0.447306839414915
2017_1181_1417,0.5259230337884270
2017_1181_1278,0.743155638045273
2017_1181_1371,0.7704365791655070
2017_1181_1455,0.42772461657634400
2017_1181_1243,0.6956104784495760
2017_1181_1448,0.759814472832492
2017_1181_1292,0.7677543482193720
2017_1181_1457,0.9173346382736540
2017_1181_1245,0.9216300950084850
2017_1181_1297,0.9376265941090180
2017_1181_1411,0.946692012884631
2017_1124_1437,0.23955143109597400
2017_1124_1181,0.3547924415104970
2017_1124_1196,0.39353348960005700
2017_1124_1438,0.3304713140838710
2017_1124_1374,0.458868837567347
2017_1124_1376,0.5728275243057740
2017_1124_1458,0.5056411400043740
2017_1124_1439,0.651701827145754
2017_1124_1266,0.6582815023006480
2017_1124_1344,0.7639433579092350
2017_1124_1425,0.8289269155676020
2017_1124_1423,0.7283795463444730
2017_1124_1190,0.7127971605128870
2017_1124_1308,0.8599631505906560
2017_1124_1407,0.9201827052131570
2017_1124_1291,0.9351488664430560
2017_1124_1309,0.9408067138172380
2017_1124_1211,0.29608579755513300
2017_1124_1199,0.5566646020416230
2017_1124_1452,0.47265099927814900
2017_1124_1323,0.5837761749513320
2017_1124_1268,0.7419968092619140
2017_1124_1388,0.5336783715439320
2017_1124_1321,0.6929449004511810
2017_1124_1435,0.6884065598978820
2017_1124_1433,0.7548582608509870
2017_1124_1462,0.7187035431084380
2017_1124_1343,0.7993193055838300
2017_1124_1137,0.854149906728334
2017_1124_1195,0.8769942303137040
2017_1124_1315,0.9269848897402180
2017_1124_1355,0.9270336348094850
2017_1124_1242,0.4122547921638360
2017_1124_1257,0.42113499090210500
2017_1124_1332,0.46238678218721600
2017_1124_1345,0.5317399474385290
2017_1124_1235,0.5531118479835520
2017_1124_1166,0.5716126588350460
2017_1124_1276,0.5827522501787400
2017_1124_1274,0.637215104221604
2017_1124_1277,0.7142787874906690
2017_1124_1329,0.5600596301806930
2017_1124_1348,0.7310827344591740
2017_1124_1305,0.7372639799039920
2017_1124_1436,0.8115798129891900
2017_1124_1233,0.9045814213763620
2017_1124_1240,0.9217770995814790
2017_1124_1300,0.9300535111017550
2017_1124_1413,0.9465606258649230
2017_1124_1314,0.3630755684716760
2017_1124_1246,0.41703256905280400
2017_1124_1417,0.49509425222252700
2017_1124_1139,0.5769601904086510
2017_1124_1278,0.6967310685484800
2017_1124_1153,0.5713488316699420
2017_1124_1173,0.7359593954729470
2017_1124_1371,0.7478859993839770
2017_1124_1455,0.3978217252358890
2017_1124_1243,0.6688687055523150
2017_1124_1448,0.7365772222882480
2017_1124_1292,0.7241254662341830
2017_1124_1457,0.9074813564819830
2017_1124_1245,0.9122398273685530
2017_1124_1297,0.9300074618299430
2017_1124_1411,0.9401095206386520
2017_1196_1437,0.326808160613161
2017_1196_1438,0.47771075225809800
2017_1196_1374,0.5667690747705610
2017_1196_1376,0.6970157118100860
2017_1196_1458,0.6118389718176430
2017_1196_1439,0.7624680377166690
2017_1196_1266,0.7480291799957560
2017_1196_1344,0.7734743638925170
2017_1196_1425,0.8741072939349900
2017_1196_1423,0.8469013134244950
2017_1196_1308,0.9075395574552360
2017_1196_1407,0.9467135946307310
2017_1196_1291,0.9569378769420280
2017_1196_1309,0.9607745090572070
2017_1196_1211,0.3144691827045870
2017_1196_1199,0.5779433131553340
2017_1196_1452,0.4942988817687310
2017_1196_1323,0.6046777289148920
2017_1196_1268,0.7582433671879480
2017_1196_1388,0.5551787477097430
2017_1196_1321,0.7326030920865060
2017_1196_1435,0.7284211817753040
2017_1196_1433,0.7705453783403250
2017_1196_1462,0.7358948013148270
2017_1196_1343,0.8128665990964600
2017_1196_1315,0.939073043193081
2017_1196_1355,0.93268541894751
2017_1196_1242,0.4334099177753010
2017_1196_1257,0.44240280403402
2017_1196_1332,0.48399601716640000
2017_1196_1345,0.5795868079405130
2017_1196_1235,0.6004159622974900
2017_1196_1276,0.6036703142776710
2017_1196_1274,0.657009794350417
2017_1196_1277,0.7316394897586830
2017_1196_1329,0.5812979559379620
2017_1196_1348,0.7477829435208150
2017_1196_1305,0.7537096416835720
2017_1196_1436,0.8244811834298690
2017_1196_1233,0.9118068473954160
2017_1196_1240,0.9278043325401180
2017_1196_1300,0.9354876614414780
2017_1196_1413,0.9507802052410640
2017_1196_1314,0.3833530738120520
2017_1196_1246,0.43825005576517300
2017_1196_1417,0.5167627696852120
2017_1196_1278,0.7360864943571650
2017_1196_1371,0.763879723961007
2017_1196_1455,0.4187639104478480
2017_1196_1243,0.6877825156653620
2017_1196_1448,0.753051472331925
2017_1196_1292,0.7611446336666550
2017_1196_1457,0.9145079431128380
2017_1196_1245,0.9189373010528320
2017_1196_1297,0.9354449414231000
2017_1196_1411,0.9448087795741540
2017_1438_1458,0.674502295273996
2017_1438_1439,0.8084282023199960
2017_1438_1452,0.5614945272137500
2017_1438_1462,0.7849542885687350
2017_1438_1455,0.48555039290646700
2017_1438_1448,0.7997910369156500
2017_1438_1457,0.9333918326255840
2017_1374_1437,0.27064786856381500
2017_1374_1438,0.36766389838234800
2017_1374_1376,0.612349515735176
2017_1374_1458,0.5464575630230670
2017_1374_1439,0.6879022906327490
2017_1374_1425,0.8510599141174640
2017_1374_1423,0.7785895359813680
2017_1374_1407,0.9314152073003090
2017_1374_1452,0.513570914635181
2017_1374_1388,0.5741295960953100
2017_1374_1435,0.7224170156694510
2017_1374_1433,0.7838924654022160
2017_1374_1462,0.7506051056499560
2017_1374_1436,0.8353612410829860
2017_1374_1413,0.954265521760606
2017_1374_1417,0.5359823577367000
2017_1374_1455,0.4376395796664830
2017_1374_1448,0.7671085966115020
2017_1374_1457,0.9203465650595510
2017_1374_1411,0.9486941229029870
2017_1376_1437,0.1742524469416580
2017_1376_1438,0.24848703021392600
2017_1376_1458,0.4065905080850360
2017_1376_1439,0.582521097806231
2017_1376_1425,0.7511296364045510
2017_1376_1423,0.6666383494213280
2017_1376_1407,0.8853892964227500
2017_1376_1452,0.26824623603462600
2017_1376_1388,0.3188382990410030
2017_1376_1435,0.5014734370617130
2017_1376_1433,0.5574106870159170
2017_1376_1462,0.5109998283169000
2017_1376_1436,0.6379031628926940
2017_1376_1413,0.8787082129142090
2017_1376_1417,0.28625207673056300
2017_1376_1455,0.21272405922979200
2017_1376_1448,0.5335048153446300
2017_1376_1457,0.8004691968437420
2017_1376_1411,0.8652322928294710
2017_1458_1462,0.6917316588180900
2017_1439_1458,0.32933163071563300
2017_1439_1452,0.23499438440040500
2017_1439_1462,0.46685457478611900
2017_1439_1455,0.1846183117667770
2017_1439_1448,0.4893609964088280
2017_1439_1457,0.7707315583578910
2017_1266_1437,0.14054319275938400
2017_1266_1438,0.20396422558556900
2017_1266_1374,0.30588091977880800
2017_1266_1376,0.43651952962810600
2017_1266_1458,0.34681252058503700
2017_1266_1439,0.5195224943294640
2017_1266_1344,0.5349194860982630
2017_1266_1425,0.7004925470392730
2017_1266_1423,0.6077866723228100
2017_1266_1308,0.7677816961902500
2017_1266_1407,0.8568275312338990
2017_1266_1291,0.8821517152149770
2017_1266_1309,0.8918987398662320
2017_1266_1452,0.29475567386428900
2017_1266_1323,0.39541707978479600
2017_1266_1268,0.5728480696760180
2017_1266_1388,0.34796996782427600
2017_1266_1321,0.5394870777659880
2017_1266_1435,0.5342052318754330
2017_1266_1433,0.5894763862465620
2017_1266_1462,0.5436753102553920
2017_1266_1343,0.674014797156954
2017_1266_1315,0.8682559469589750
2017_1266_1355,0.8683383308779760
2017_1266_1332,0.3086617901239600
2017_1266_1345,0.3708633951845770
2017_1266_1276,0.3944104692678690
2017_1266_1274,0.45026624393493600
2017_1266_1277,0.5382661689575270
2017_1266_1329,0.39789557506408100
2017_1266_1348,0.5852777498065990
2017_1266_1305,0.5668238164873450
2017_1266_1436,0.6909710286977840
2017_1266_1300,0.8611194958387630
2017_1266_1413,0.8920057878528430
2017_1266_1314,0.20999886712063600
2017_1266_1417,0.3137779188847910
2017_1266_1278,0.5439200528659960
2017_1266_1371,0.6062852273312260
2017_1266_1455,0.255366016887528
2017_1266_1448,0.5659538327017370
2017_1266_1292,0.5767322433257730
2017_1266_1457,0.8205930511733170
2017_1266_1297,0.8610348447737870
2017_1266_1411,0.8906924248257690
2017_1344_1437,0.12447798648865000
2017_1344_1438,0.18218623336248600
2017_1344_1374,0.2076220473669990
2017_1344_1376,0.37703454441839000
2017_1344_1458,0.3158336262224740
2017_1344_1439,0.484560907959695
2017_1344_1425,0.670343424084128
2017_1344_1423,0.5739810013325160
2017_1344_1407,0.8387938476350320
2017_1344_1452,0.22752596705107000
2017_1344_1388,0.27330649319830300
2017_1344_1435,0.4206395844040980
2017_1344_1433,0.5029661414181520
2017_1344_1462,0.4299547576043140
2017_1344_1355,0.8067707965509590
2017_1344_1345,0.27176264358689400
2017_1344_1348,0.4718533237664380
2017_1344_1436,0.5860062325435060
2017_1344_1413,0.8533922305913700
2017_1344_1417,0.24370881364567200
2017_1344_1371,0.49363546080803900
2017_1344_1455,0.17837759815903300
2017_1344_1448,0.47886886852530000
2017_1344_1457,0.7632234767078260
2017_1344_1411,0.8376233781935860
2017_1425_1437,0.06534905671949250
2017_1425_1438,0.09873641492078310
2017_1425_1458,0.18501628703642300
2017_1425_1439,0.3161515313800180
2017_1425_1452,0.20560037633139600
2017_1425_1435,0.4152703644547860
2017_1425_1433,0.47067032272473900
2017_1425_1462,0.42455376651628100
2017_1425_1436,0.554325020165246
2017_1425_1455,0.16020594614625900
2017_1425_1448,0.44672965056304900
2017_1425_1457,0.7390652565765900
2017_1423_1437,0.09545269968369030
2017_1423_1438,0.1418854482301380
2017_1423_1458,0.25519434947794500
2017_1423_1439,0.41098659090862300
2017_1423_1425,0.6014777869148470
2017_1423_1452,0.18120930731424700
2017_1423_1435,0.37783605636930000
2017_1423_1433,0.4319310081953240
2017_1423_1462,0.38683623953372600
2017_1423_1436,0.5154045725966920
2017_1423_1455,0.14024941079304900
2017_1423_1448,0.4084403574128760
2017_1423_1457,0.707772977713054
2017_1190_1437,0.10234876507690300
2017_1190_1196,0.14135643304529500
2017_1190_1438,0.130870321338746
2017_1190_1374,0.254868979577995
2017_1190_1376,0.35078023638894000
2017_1190_1458,0.2701839475495470
2017_1190_1439,0.4298458852156520
2017_1190_1266,0.4108119925115310
2017_1190_1344,0.4716661119527670
2017_1190_1425,0.6198790211826420
2017_1190_1423,0.4766250886559040
2017_1190_1308,0.6974570933377780
2017_1190_1407,0.8066795010190390
2017_1190_1291,0.8392092594277790
2017_1190_1309,0.8519117503165480
2017_1190_1211,0.08781667981348670
2017_1190_1199,0.22322924945230400
2017_1190_1452,0.17021735530557200
2017_1190_1323,0.24300257310827700
2017_1190_1268,0.39694532296582000
2017_1190_1388,0.2075652299621070
2017_1190_1321,0.3650731199968040
2017_1190_1435,0.36016337397485500
2017_1190_1433,0.413409366287231
2017_1190_1462,0.36899225581554900
2017_1190_1343,0.4768822753720310
2017_1190_1195,0.6200326566724210
2017_1190_1315,0.7638556203975790
2017_1190_1355,0.7639855431489280
2017_1190_1242,0.13832951973774900
2017_1190_1257,0.14274223566978200
2017_1190_1332,0.16447248930299400
2017_1190_1345,0.22440035342301
2017_1190_1235,0.23974399383283000
2017_1190_1276,0.24222850920639000
2017_1190_1274,0.2867369347475990
2017_1190_1277,0.36393499005934300
2017_1190_1329,0.22562564232656200
2017_1190_1348,0.3835612964181520
2017_1190_1305,0.39107729672158500
2017_1190_1436,0.4964315394682110
2017_1190_1233,0.684518731894336
2017_1190_1240,0.729514090170852
2017_1190_1300,0.7526748210137910
2017_1190_1413,0.8021370550068330
2017_1190_1314,0.11541111442572100
2017_1190_1246,0.14069260438663300
2017_1190_1417,0.1832912788465320
2017_1190_1278,0.36922198850500000
2017_1190_1371,0.40438836438619100
2017_1190_1455,0.13134348436325900
2017_1190_1243,0.31615266516645400
2017_1190_1448,0.3902340533923600
2017_1190_1292,0.4007557928268390
2017_1190_1457,0.6918282627333450
2017_1190_1245,0.7040612458744220
2017_1190_1297,0.752543065103824
2017_1190_1411,0.782261880597817
2017_1308_1437,0.04712800097728270
2017_1308_1438,0.07192243517902390
2017_1308_1374,0.12133150008014700
2017_1308_1376,0.18987397686704200
2017_1308_1458,0.1383684850358990
2017_1308_1439,0.24643855794179900
2017_1308_1344,0.34511949157108200
2017_1308_1425,0.41479211787759200
2017_1308_1423,0.3191220381126810
2017_1308_1407,0.6441355128565850
2017_1308_1309,0.7139112699210550
2017_1308_1452,0.1570478668830500
2017_1308_1323,0.2257337250831670
2017_1308_1388,0.19217539963710500
2017_1308_1321,0.34306072818438400
2017_1308_1435,0.33828929066315700
2017_1308_1433,0.39027395575565100
2017_1308_1462,0.3468726557483510
2017_1308_1343,0.4529375281444610
2017_1308_1315,0.746051563473282
2017_1308_1355,0.7461880269005930
2017_1308_1332,0.15166623352904100
2017_1308_1345,0.20809007115700300
2017_1308_1329,0.2092503286430970
2017_1308_1348,0.36106808248783000
2017_1308_1436,0.4723916087420890
2017_1308_1413,0.7864121795083450
2017_1308_1314,0.10594054290110200
2017_1308_1417,0.16931667693239000
2017_1308_1371,0.381429521690062
2017_1308_1455,0.12074396818725800
2017_1308_1448,0.3675828675133460
2017_1308_1457,0.6709331568024820
2017_1308_1411,0.7841254301293900
2017_1407_1437,0.02659770867438550
2017_1407_1438,0.04105637418927490
2017_1407_1458,0.08149044616035610
2017_1407_1439,0.1530266714094630
2017_1407_1425,0.2809928156051630
2017_1407_1423,0.20567938322967700
2017_1407_1452,0.06527860393688140
2017_1407_1435,0.1608183527427740
2017_1407_1433,0.1935063864291330
2017_1407_1462,0.1660285988342690
2017_1407_1436,0.2719950842757490
2017_1407_1413,0.5798623407899420
2017_1407_1417,0.07098195254351440
2017_1407_1455,0.048956462947006300
2017_1407_1448,0.17889894886517600
2017_1407_1457,0.4331977778058190
2017_1407_1411,0.5765549246272780
2017_1291_1437,0.02137865730676240
2017_1291_1438,0.03309668138080460
2017_1291_1374,0.055597530524226800
2017_1291_1376,0.09381083818946990
2017_1291_1458,0.06623314162799220
2017_1291_1439,0.1262162424477760
2017_1291_1344,0.13318802012039400
2017_1291_1425,0.23806426537453000
2017_1291_1423,0.17151216999758700
2017_1291_1308,0.30637142921219400
2017_1291_1407,0.4442874734161050
2017_1291_1309,0.5243103776954730
2017_1291_1452,0.04762013461657360
2017_1291_1323,0.07256711882712240
2017_1291_1388,0.06001410591842070
2017_1291_1321,0.12292340650651900
2017_1291_1435,0.12065142011118100
2017_1291_1433,0.1466013764206010
2017_1291_1462,0.12475378370386700
2017_1291_1343,0.18180625563920600
2017_1291_1315,0.4146118983043160
2017_1291_1355,0.41478675860853800
2017_1291_1332,0.04578464331343560
2017_1291_1345,0.0658765902436764
2017_1291_1329,0.06631029849142760
2017_1291_1348,0.13169205543612700
2017_1291_1305,0.13535631806140900
2017_1291_1436,0.19373913130877800
2017_1291_1300,0.42587741517778000
2017_1291_1413,0.4970210844697900
2017_1291_1314,0.030821299077831400
2017_1291_1417,0.051866282534111300
2017_1291_1371,0.14199308297681100
2017_1291_1455,0.035545380809821000
2017_1291_1448,0.13494226998966800
2017_1291_1292,0.14016289771866200
2017_1291_1457,0.35367131983518600
2017_1291_1297,0.42570440040542700
2017_1291_1411,0.46686757899832600
2017_1309_1437,0.017492826110323800
2017_1309_1438,0.03011997696800470
2017_1309_1374,0.0507032286352186
2017_1309_1376,0.08585841043376420
2017_1309_1458,0.060462518475805400
2017_1309_1439,0.10532578537472000
2017_1309_1344,0.12234823579453700
2017_1309_1425,0.22086377390846000
2017_1309_1423,0.1581222738306980
2017_1309_1407,0.4204082894044600
2017_1309_1452,0.048214415048021900
2017_1309_1323,0.07344871770763530
2017_1309_1388,0.06075319154543590
2017_1309_1321,0.1243347554032370
2017_1309_1435,0.12204031283068200
2017_1309_1433,0.16229692829063300
2017_1309_1462,0.1261831246735420
2017_1309_1343,0.20038591271298700
2017_1309_1315,0.4440703574783330
2017_1309_1355,0.44424821325531700
2017_1309_1332,0.051335765636031000
2017_1309_1345,0.06668275181526210
2017_1309_1329,0.07415663511140290
2017_1309_1348,0.1460645793206720
2017_1309_1436,0.21322047167102400
2017_1309_1413,0.5002776906232470
2017_1309_1314,0.03121280741672120
2017_1309_1417,0.05251063152875420
2017_1309_1371,0.15728619023109400
2017_1309_1455,0.039906971650633800
2017_1309_1448,0.13647014229296600
2017_1309_1457,0.3566546799373770
2017_1309_1411,0.4968873508355190
2017_1211_1437,0.5288041054289520
2017_1211_1438,0.6246358397021820
2017_1211_1374,0.6686764488383620
2017_1211_1376,0.8532147486235540
2017_1211_1458,0.708595545479007
2017_1211_1439,0.8740027528088640
2017_1211_1266,0.8207817012053160
2017_1211_1344,0.8785570169350940
2017_1211_1425,0.8808923089514740
2017_1211_1423,0.9059091004668140
2017_1211_1308,0.9113001879040150
2017_1211_1407,0.9647987943738110
2017_1211_1291,0.9770721958362000
2017_1211_1309,0.9742174542312600
2017_1211_1452,0.7330544348355720
2017_1211_1323,0.8116810097352890
2017_1211_1268,0.8980749504395400
2017_1211_1388,0.6180576051373150
2017_1211_1321,0.8565808614809310
2017_1211_1435,0.8539513443574460
2017_1211_1433,0.903854514859353
2017_1211_1462,0.8865332044939710
2017_1211_1343,0.9238272079568380
2017_1211_1315,0.9771542294852500
2017_1211_1355,0.9679535743423990
2017_1211_1242,0.6251241252898940
2017_1211_1257,0.6084125854036770
2017_1211_1332,0.6715644936101400
2017_1211_1345,0.7297072800987340
2017_1211_1235,0.7463537496648760
2017_1211_1276,0.7685406473620730
2017_1211_1274,0.8067929108823980
2017_1211_1277,0.8422435910472030
2017_1211_1329,0.7516461779942490
2017_1211_1348,0.8660098592087360
2017_1211_1305,0.8696427136066890
2017_1211_1436,0.9110331483731300
2017_1211_1233,0.9575156471703410
2017_1211_1240,0.9617827401844470
2017_1211_1300,0.9693359064667240
2017_1211_1413,0.9768037336353920
2017_1211_1314,0.5754120397716040
2017_1211_1246,0.6043906093733540
2017_1211_1417,0.6768070547694480
2017_1211_1278,0.8452454478579610
2017_1211_1371,0.8758143372636790
2017_1211_1455,0.6109857468097290
2017_1211_1243,0.8276524208127460
2017_1211_1448,0.8692406072854900
2017_1211_1292,0.8618838723807700
2017_1211_1457,0.9588799502822940
2017_1211_1245,0.9611081546641770
2017_1211_1297,0.9659592832875690
2017_1211_1411,0.9739028651332020
2017_1112_1437,0.37835475465342400
2017_1112_1181,0.5326327810577660
2017_1112_1124,0.5893726622871650
2017_1112_1196,0.5417589768260640
2017_1112_1438,0.4743701626147590
2017_1112_1374,0.549232536641224
2017_1112_1376,0.759174521477276
2017_1112_1458,0.5948225778845000
2017_1112_1439,0.7900027529159760
2017_1112_1266,0.7343913288361760
2017_1112_1344,0.7968876572058290
2017_1112_1425,0.8170179084779560
2017_1112_1423,0.8392686043136180
2017_1112_1190,0.8492470928082460
2017_1112_1308,0.8611626132299150
2017_1112_1407,0.9430101916876460
2017_1112_1291,0.9585259520745470
2017_1112_1309,0.958004990268193
2017_1112_1211,0.25433828031868200
2017_1112_1199,0.5682389629228480
2017_1112_1452,0.4836479223749280
2017_1112_1323,0.5951660094391230
2017_1112_1268,0.7503367223548480
2017_1112_1388,0.5658605433561740
2017_1112_1321,0.7263340858698850
2017_1112_1435,0.7208070826572660
2017_1112_1433,0.7781223211250470
2017_1112_1462,0.7271481948793330
2017_1112_1343,0.8053249128625150
2017_1112_1137,0.8585467185978290
2017_1112_1195,0.8808109124965300
2017_1112_1315,0.9353138441700450
2017_1112_1355,0.9357957719540740
2017_1112_1242,0.5016801577941000
2017_1112_1257,0.4840079243000070
2017_1112_1332,0.5524649072205090
2017_1112_1345,0.6197537952163360
2017_1112_1235,0.6398295678031290
2017_1112_1166,0.6569668357792570
2017_1112_1276,0.6429538079009970
2017_1112_1274,0.6936890297178710
2017_1112_1277,0.763214154932784
2017_1112_1329,0.6462913074737020
2017_1112_1348,0.7780344501397700
2017_1112_1305,0.783456138476488
2017_1112_1436,0.847410507656842
2017_1112_1233,0.9243745699681340
2017_1112_1240,0.9382467714456940
2017_1112_1300,0.9448847944498370
2017_1112_1413,0.958049655107886
2017_1112_1314,0.42362392193705900
2017_1112_1246,0.47980068763298100
2017_1112_1417,0.5583583440557820
2017_1112_1139,0.6618791448827780
2017_1112_1278,0.7673043452354800
2017_1112_1153,0.6321571540128570
2017_1112_1173,0.7823131936869450
2017_1112_1116,0.7529130281170000
2017_1112_1371,0.7927356764686820
2017_1112_1455,0.4867088929171570
2017_1112_1243,0.7435391565941090
2017_1112_1448,0.7828545596460920
2017_1112_1292,0.7902430543926690
2017_1112_1457,0.9267216873450350
2017_1112_1245,0.9305662939627110
2017_1112_1297,0.9448479303390720
2017_1112_1411,0.9575012122122980
2017_1199_1437,0.27322935136984900
2017_1199_1438,0.3579273671157580
2017_1199_1374,0.4033710323434590
2017_1199_1376,0.660695941348485
2017_1199_1458,0.4755634973601360
2017_1199_1439,0.6991345251033380
2017_1199_1266,0.6307081303881280
2017_1199_1344,0.7295694521946770
2017_1199_1425,0.7339019639297830
2017_1199_1423,0.763331885565122
2017_1199_1308,0.7930186282135670
2017_1199_1407,0.9108812324387210
2017_1199_1291,0.9345370346627320
2017_1199_1309,0.933735575740208
2017_1199_1211,0.2058251540127600
2017_1199_1452,0.41578484497709900
2017_1199_1323,0.5276451604995680
2017_1199_1268,0.7011366885013910
2017_1199_1388,0.3182734113192200
2017_1199_1321,0.6685052443594970
2017_1199_1435,0.6623532448264710
2017_1199_1433,0.7089993880721720
2017_1199_1462,0.6790431067865680
2017_1199_1343,0.7586411616772630
2017_1199_1315,0.9087407123526210
2017_1199_1355,0.9086624402445860
2017_1199_1242,0.35840623372584000
2017_1199_1257,0.3668504918973720
2017_1199_1332,0.4065191374114780
2017_1199_1345,0.5016853125084550
2017_1199_1235,0.5231989385713880
2017_1199_1276,0.5265863141604780
2017_1199_1274,0.58313611492362
2017_1199_1277,0.6656599737788110
2017_1199_1329,0.5034418825557300
2017_1199_1348,0.7067669719207450
2017_1199_1305,0.69086361783528
2017_1199_1436,0.7742858788714830
2017_1199_1233,0.8830424986365280
2017_1199_1240,0.9037065739036750
2017_1199_1300,0.9137159747501620
2017_1199_1413,0.9338042693531370
2017_1199_1314,0.3122381687004730
2017_1199_1246,0.362945316762456
2017_1199_1417,0.43849803599713500
2017_1199_1278,0.6707082386512390
2017_1199_1371,0.702604840683407
2017_1199_1455,0.34475258579136
2017_1199_1243,0.6166696958531450
2017_1199_1448,0.6901065551249550
2017_1199_1292,0.6994392475895750
2017_1199_1457,0.8865149146719240
2017_1199_1245,0.8922236730415100
2017_1199_1297,0.9136601681578940
2017_1199_1411,0.9259337353530440
2017_1452_1458,0.5595454929903030
2017_1452_1462,0.7399354602771110
2017_1452_1455,0.4243248369430040
2017_1452_1457,0.9162741734534460
2017_1323_1437,0.251814626252108
2017_1323_1438,0.3329151660015060
2017_1323_1374,0.37704804349422100
2017_1323_1376,0.6354660388121690
2017_1323_1458,0.4480674372546580
2017_1323_1439,0.6753584129253400
2017_1323_1344,0.7071911698016210
2017_1323_1425,0.7117405457419630
2017_1323_1423,0.7427623813814470
2017_1323_1407,0.9014805430702260
2017_1323_1452,0.39559856809541400
2017_1323_1388,0.29475278450756800
2017_1323_1435,0.6371707276905990
2017_1323_1433,0.6856447157883040
2017_1323_1462,0.6444744820072300
2017_1323_1343,0.7534975668935490
2017_1323_1355,0.9083759800083040
2017_1323_1332,0.405696381356894
2017_1323_1345,0.47404412908127000
2017_1323_1329,0.47579632568198600
2017_1323_1348,0.683320812871845
2017_1323_1436,0.7736891343210970
2017_1323_1413,0.9266268383287970
2017_1323_1417,0.4114636256819210
2017_1323_1371,0.6789770474674000
2017_1323_1455,0.3202019123377520
2017_1323_1448,0.6659578791582070
2017_1323_1457,0.874896954956562
2017_1323_1411,0.9256994453921820
2017_1268_1437,0.1409967255789470
2017_1268_1438,0.19574430206673000
2017_1268_1374,0.22790560531976600
2017_1268_1376,0.4595040048297090
2017_1268_1458,0.2836230109328240
2017_1268_1439,0.5036107540043920
2017_1268_1344,0.5141101853434020
2017_1268_1425,0.5463103843203290
2017_1268_1423,0.5847484903805240
2017_1268_1308,0.6258563931552710
2017_1268_1407,0.8169331525949540
2017_1268_1291,0.8617414756334030
2017_1268_1309,0.846778763867387
2017_1268_1452,0.23760763931511900
2017_1268_1323,0.328484894451891
2017_1268_1388,0.1697419698346640
2017_1268_1321,0.46896322105587200
2017_1268_1435,0.46208780363562400
2017_1268_1433,0.5161918623758480
2017_1268_1462,0.4741882770045590
2017_1268_1343,0.5792035919007420
2017_1268_1315,0.8134546567607630
2017_1268_1355,0.8133114482999730
2017_1268_1332,0.23021269006096600
2017_1268_1345,0.3053402567100170
2017_1268_1276,0.3268886840543180
2017_1268_1274,0.3791692573099850
2017_1268_1277,0.46502814681568200
2017_1268_1329,0.3068326598658450
2017_1268_1348,0.48594117498946000
2017_1268_1305,0.49385611339443
2017_1268_1436,0.5996327749384420
2017_1268_1300,0.8221728478527160
2017_1268_1413,0.8603156608357970
2017_1268_1314,0.16542385078321100
2017_1268_1417,0.2542643680599250
2017_1268_1278,0.44408646862520900
2017_1268_1371,0.5077484295369560
2017_1268_1455,0.18680243118429800
2017_1268_1448,0.49297067029134200
2017_1268_1292,0.5039730068376220
2017_1268_1457,0.7732737626969620
2017_1268_1297,0.8220693629605730
2017_1268_1411,0.8451563626836870
2017_1388_1437,0.29202262665141700
2017_1388_1438,0.3795042864335800
2017_1388_1458,0.49872365287014300
2017_1388_1439,0.7182704268589520
2017_1388_1425,0.7516121888352720
2017_1388_1423,0.779671430772387
2017_1388_1407,0.9181265985252800
2017_1388_1452,0.6038699944281280
2017_1388_1435,0.8077594193258720
2017_1388_1433,0.7290436079512590
2017_1388_1462,0.8126389812381800
2017_1388_1436,0.7900771401466190
2017_1388_1413,0.9393101601427070
2017_1388_1417,0.46144136293992900
2017_1388_1455,0.36598800093168700
2017_1388_1448,0.7095781357676590
2017_1388_1457,0.8955140291218670
2017_1388_1411,0.9320466266688580
2017_1321_1437,0.1581799176265960
2017_1321_1438,0.21790702161457
2017_1321_1374,0.27334331302405400
2017_1321_1376,0.49321623835454600
2017_1321_1458,0.311877206187888
2017_1321_1439,0.5373418713354650
2017_1321_1344,0.5741749217070950
2017_1321_1425,0.5795622979975930
2017_1321_1423,0.6171574331346280
2017_1321_1407,0.8362940913273180
2017_1321_1452,0.2608541823185050
2017_1321_1323,0.35646537546916900
2017_1321_1388,0.18798599292558800
2017_1321_1435,0.0
2017_1321_1433,0.5471338940381830
2017_1321_1462,0.5010248686525090
2017_1321_1343,0.634381184463427
2017_1321_1355,0.8491651275988770
2017_1321_1332,0.27594597172463100
2017_1321_1345,0.3347469684044010
2017_1321_1329,0.3606557331502630
2017_1321_1348,0.5464158695066310
2017_1321_1436,0.6561953576373540
2017_1321_1413,0.8757861291142350
2017_1321_1417,0.28074003600004400
2017_1321_1371,0.5679386749729870
2017_1321_1455,0.2264488263858650
2017_1321_1448,0.5267453693781200
2017_1321_1457,0.7960996080403250
2017_1321_1411,0.874303307989669
2017_1435_1437,0.17604976720682200
2017_1435_1438,0.22154900758618000
2017_1435_1458,0.3164542701023890
2017_1435_1439,0.5426186022504690
2017_1435_1452,0.26621727437107900
2017_1435_1462,0.507932574919224
2017_1435_1436,0.6609718022036870
2017_1435_1455,0.23019155650148000
2017_1435_1448,0.532037704734725
2017_1435_1457,0.7995261876532150
2017_1433_1437,0.1329231462229420
2017_1433_1438,0.18521175565004400
2017_1433_1458,0.26994905650948200
2017_1433_1439,0.4865339649114130
2017_1433_1452,0.2260710579539920
2017_1433_1435,0.44602846707777600
2017_1433_1462,0.4538820635128570
2017_1433_1436,0.5831249139982430
2017_1433_1455,0.17664534902215300
2017_1433_1448,0.4759087670610440
2017_1433_1457,0.7610726736628440
2017_1343_1437,0.10595813750600100
2017_1343_1438,0.14946790360107200
2017_1343_1374,0.17568679419036700
2017_1343_1376,0.3803619973925850
2017_1343_1458,0.2043248419087050
2017_1343_1439,0.4228147384823620
2017_1343_1344,0.43309940042415700
2017_1343_1425,0.4650823156375950
2017_1343_1423,0.5041561525922950
2017_1343_1407,0.7631510622497150
2017_1343_1452,0.17636198079998000
2017_1343_1388,0.12932254165200500
2017_1343_1435,0.38427420908216800
2017_1343_1433,0.43666336527913500
2017_1343_1462,0.39180950699357400
2017_1343_1355,0.7599065923854550
2017_1343_1345,0.22185054069704700
2017_1343_1348,0.4056632795071520
2017_1343_1436,0.5195557170672860
2017_1343_1413,0.8164145110149770
2017_1343_1417,0.19755139066549200
2017_1343_1371,0.4268594317577260
2017_1343_1455,0.14226605922080300
2017_1343_1448,0.4124632665455260
2017_1343_1457,0.7111996162491790
2017_1343_1411,0.7976116408956120
2017_1137_1437,0.07459275968665430
2017_1137_1181,0.13113776225661900
2017_1137_1196,0.13537733709832700
2017_1137_1438,0.10676091225225200
2017_1137_1374,0.126603478750419
2017_1137_1376,0.29452780276106700
2017_1137_1458,0.16277622196712200
2017_1137_1439,0.33254181792359600
2017_1137_1266,0.26803107012594600
2017_1137_1344,0.3419314886741340
2017_1137_1425,0.37159497908647700
2017_1137_1423,0.40881725242120200
2017_1137_1190,0.42728301988352400
2017_1137_1308,0.45098959026542200
2017_1137_1407,0.6866602389585430
2017_1137_1291,0.753742976676126
2017_1137_1309,0.7307443180261850
2017_1137_1211,0.05320760806468180
2017_1137_1199,0.17819834500753800
2017_1137_1452,0.1286020363010130
2017_1137_1323,0.18399115456765900
2017_1137_1268,0.33117784654525100
2017_1137_1388,0.09192785661661620
2017_1137_1321,0.304243877772109
2017_1137_1435,0.2984262750800230
2017_1137_1433,0.3456823721549380
2017_1137_1462,0.3051123496205780
2017_1137_1343,0.4080134956459000
2017_1137_1195,0.5490567163827550
2017_1137_1315,0.6834675027085630
2017_1137_1355,0.6832633600267730
2017_1137_1242,0.10695972436313300
2017_1137_1257,0.11050007165808000
2017_1137_1332,0.1280551639258380
2017_1137_1345,0.17753330218629300
2017_1137_1235,0.1744696130723180
2017_1137_1166,0.185564368581486
2017_1137_1276,0.19256241737008200
2017_1137_1274,0.23072354584248800
2017_1137_1277,0.2991663909418760
2017_1137_1329,0.1785615998113650
2017_1137_1348,0.3170408293746240
2017_1137_1305,0.3239383237922990
2017_1137_1436,0.42379365777754300
2017_1137_1233,0.6181425298583060
2017_1137_1240,0.6680133964473450
2017_1137_1300,0.6942329948001110
2017_1137_1413,0.7515245495390950
2017_1137_1314,0.08870362606731110
2017_1137_1246,0.1088546173851840
2017_1137_1417,0.14342237473745700
2017_1137_1139,0.20587469765039100
2017_1137_1278,0.28176005533120700
2017_1137_1153,0.18540160703854
2017_1137_1173,0.32246746513204800
2017_1137_1371,0.33622599783921200
2017_1137_1455,0.10137157175016700
2017_1137_1243,0.25645910548963800
2017_1137_1448,0.3231630170612730
2017_1137_1292,0.3328635337540140
2017_1137_1457,0.6261500368473570
2017_1137_1245,0.6396321116240550
2017_1137_1297,0.6940827593953720
2017_1137_1411,0.7282875170819500
2017_1195_1437,0.06209796836176040
2017_1195_1196,0.11395450698076400
2017_1195_1438,0.08939827871836610
2017_1195_1374,0.10639821505854300
2017_1195_1376,0.25535825734914400
2017_1195_1458,0.13770819942127500
2017_1195_1439,0.290397785784184
2017_1195_1266,0.23123035812937200
2017_1195_1344,0.29913078204094200
2017_1195_1425,0.3269258368434790
2017_1195_1423,0.3622530161408180
2017_1195_1308,0.40289549957602000
2017_1195_1407,0.6428624402785650
2017_1195_1291,0.7154359781914460
2017_1195_1309,0.7127765084325900
2017_1195_1211,0.044119180599791900
2017_1195_1199,0.1471416325942640
2017_1195_1452,0.11248920562923500
2017_1195_1323,0.16592762482636100
2017_1195_1268,0.2881304516900060
2017_1195_1388,0.07676181812764090
2017_1195_1321,0.2642431956347130
2017_1195_1435,0.25890584052961300
2017_1195_1433,0.3026030839795650
2017_1195_1462,0.2674066779286610
2017_1195_1343,0.35888245490066100
2017_1195_1315,0.6394304574998370
2017_1195_1355,0.6392129060644130
2017_1195_1242,0.08956799995421840
2017_1195_1257,0.09259237034397130
2017_1195_1332,0.10764677366641100
2017_1195_1345,0.15060145127320600
2017_1195_1235,0.14791893806947700
2017_1195_1276,0.16380472083443000
2017_1195_1274,0.19766192226010500
2017_1195_1277,0.25960696481262800
2017_1195_1329,0.15150249056398700
2017_1195_1348,0.27604880756975500
2017_1195_1305,0.28242327728505000
2017_1195_1436,0.37661028974152100
2017_1195_1233,0.5707544290308810
2017_1195_1240,0.6230400459357440
2017_1195_1300,0.650955637345189
2017_1195_1413,0.7130038568371600
2017_1195_1314,0.07403426681481200
2017_1195_1246,0.09118624255333710
2017_1195_1417,0.12090447748983800
2017_1195_1278,0.2640074300493090
2017_1195_1371,0.293820594852228
2017_1195_1455,0.08480220148941020
2017_1195_1243,0.22076802083452000
2017_1195_1448,0.2817059292504390
2017_1195_1292,0.2906964869351600
2017_1195_1457,0.5790789883956640
2017_1195_1245,0.5931556080767320
2017_1195_1297,0.6507948339775270
2017_1195_1411,0.687661608013426
2017_1315_1437,0.03584894184070180
2017_1315_1438,0.05225222716261160
2017_1315_1374,0.06267466402664340
2017_1315_1376,0.14748249034001000
2017_1315_1458,0.07455722563164120
2017_1315_1439,0.17112125888330500
2017_1315_1344,0.19334153397287100
2017_1315_1425,0.19680711811780800
2017_1315_1423,0.24184323983690000
2017_1315_1407,0.4759089634681150
2017_1315_1452,0.0667040649007024
2017_1315_1323,0.09154552713219530
2017_1315_1388,0.0826895231750993
2017_1315_1321,0.1539214702950800
2017_1315_1435,0.15035708586605000
2017_1315_1433,0.19519869561878600
2017_1315_1462,0.1544561019473540
2017_1315_1343,0.23992131729988500
2017_1315_1355,0.49976413555959600
2017_1315_1332,0.06344656638471140
2017_1315_1345,0.08210077770398480
2017_1315_1329,0.09113399403214770
2017_1315_1348,0.17636845252885600
2017_1315_1436,0.2533238916166400
2017_1315_1413,0.5562038415066000
2017_1315_1417,0.06487964343770590
2017_1315_1371,0.18940182211502800
2017_1315_1455,0.04946214226280810
2017_1315_1448,0.16516847971353000
2017_1315_1457,0.40968810953770800
2017_1315_1411,0.552853798491955
2017_1355_1437,0.03582405011019880
2017_1355_1438,0.05221656264319500
2017_1355_1374,0.0626323558383971
2017_1355_1376,0.16138514390777100
2017_1355_1458,0.07450753379123680
2017_1355_1439,0.1867640845005620
2017_1355_1425,0.1966932650689700
2017_1355_1423,0.24171117382492100
2017_1355_1407,0.4757292825571210
2017_1355_1452,0.06676282353737040
2017_1355_1388,0.04045083304244450
2017_1355_1435,0.1481341306935380
2017_1355_1433,0.19672626721301000
2017_1355_1462,0.1691195797647910
2017_1355_1436,0.25318764990305500
2017_1355_1413,0.5823179091771860
2017_1355_1417,0.06483594974876330
2017_1355_1371,0.18929124341714900
2017_1355_1455,0.04942828278425610
2017_1355_1448,0.18038556438655900
2017_1355_1457,0.4356763168919910
2017_1355_1411,0.5526757020505630
2017_1242_1437,0.402271085513126
2017_1242_1438,0.4994792288086450
2017_1242_1374,0.5475681178872740
2017_1242_1376,0.7770722092888130
2017_1242_1458,0.5932018145845950
2017_1242_1439,0.8061942275887640
2017_1242_1266,0.7330783294687610
2017_1242_1344,0.8126741583279490
2017_1242_1425,0.8160110312854620
2017_1242_1423,0.8523713612423970
2017_1242_1308,0.8603571289322610
2017_1242_1407,0.9426479331729620
2017_1242_1291,0.9623431043295530
2017_1242_1309,0.9577337748494620
2017_1242_1452,0.5609815676583240
2017_1242_1323,0.6423778235896030
2017_1242_1268,0.8039275531101550
2017_1242_1388,0.6200050639803660
2017_1242_1321,0.7628873846997960
2017_1242_1435,0.7590233097527540
2017_1242_1433,0.8144736831743390
2017_1242_1462,0.765925403688852
2017_1242_1343,0.8502670860550540
2017_1242_1315,0.9476445181501610
2017_1242_1355,0.947680249255015
2017_1242_1257,0.611820632311877
2017_1242_1332,0.7357684658690260
2017_1242_1345,0.7334385615304990
2017_1242_1276,0.7528045743675080
2017_1242_1274,0.7306209890790140
2017_1242_1277,0.7774068506771520
2017_1242_1329,0.7478786488567180
2017_1242_1348,0.8692727343435240
2017_1242_1305,0.8997088707399120
2017_1242_1436,0.9133684090772320
2017_1242_1300,0.9548488896422670
2017_1242_1413,0.972529299674706
2017_1242_1314,0.4483380122059250
2017_1242_1246,0.4781234996203700
2017_1242_1417,0.5567004244463490
2017_1242_1278,0.7661022278306700
2017_1242_1371,0.8087674412348110
2017_1242_1455,0.4850300723062890
2017_1242_1243,0.7422555073155800
2017_1242_1448,0.7994572738397000
2017_1242_1292,0.7891268722519840
2017_1242_1457,0.9332622070557340
2017_1242_1245,0.9367870669331140
2017_1242_1297,0.9444966659447300
2017_1242_1411,0.9572268885195140
2017_1257_1437,0.393518249008857
2017_1257_1438,0.49034641128309500
2017_1257_1374,0.5650198439285540
2017_1257_1376,0.7706790220494330
2017_1257_1458,0.6101465443680220
2017_1257_1439,0.8004217103015430
2017_1257_1266,0.7466847088625730
2017_1257_1344,0.8232016623485990
2017_1257_1425,0.8263910678690930
2017_1257_1423,0.8477144295773460
2017_1257_1308,0.8686380588224870
2017_1257_1407,0.9463532370427510
2017_1257_1291,0.9609964814562330
2017_1257_1309,0.9605052736852180
2017_1257_1452,0.5519643315172870
2017_1257_1323,0.6584535675876310
2017_1257_1268,0.7981044300999180
2017_1257_1388,0.6113602690636080
2017_1257_1321,0.7754397099100920
2017_1257_1435,0.7717189820119080
2017_1257_1433,0.8088893117769400
2017_1257_1462,0.778363625576109
2017_1257_1343,0.8455558027020050
2017_1257_1315,0.9510437763467170
2017_1257_1355,0.9510773073219300
2017_1257_1332,0.6385596583657120
2017_1257_1345,0.6357968883997230
2017_1257_1276,0.6966165240974180
2017_1257_1274,0.7297647322271700
2017_1257_1277,0.7766538476417610
2017_1257_1329,0.7448771734419680
2017_1257_1348,0.8083883766252760
2017_1257_1305,0.8505628432509190
2017_1257_1436,0.8699484604798380
2017_1257_1300,0.9497861102197000
2017_1257_1413,0.9724129465908930
2017_1257_1314,0.4393195342354990
2017_1257_1417,0.5740738956645000
2017_1257_1278,0.7785337705183300
2017_1257_1371,0.8030528438932770
2017_1257_1455,0.4759102453634050
2017_1257_1448,0.7935354846798470
2017_1257_1292,0.8006530977705260
2017_1257_1457,0.9309502594283160
2017_1257_1297,0.9480891075163630
2017_1257_1411,0.9600302379861000
2017_1332_1437,0.3543607539910280
2017_1332_1438,0.4486819972930050
2017_1332_1374,0.4967338841671160
2017_1332_1376,0.7397695366133110
2017_1332_1458,0.5432176778627960
2017_1332_1439,0.7723368916873190
2017_1332_1344,0.7796394269072770
2017_1332_1425,0.8010523570475260
2017_1332_1423,0.824828222990443
2017_1332_1407,0.9305759069058950
2017_1332_1452,0.5103066261332700
2017_1332_1388,0.5709321754775470
2017_1332_1435,0.7197895553030220
2017_1332_1433,0.7816710400515150
2017_1332_1462,0.7481514429052950
2017_1332_1343,0.8224131473843660
2017_1332_1355,0.9365962276252020
2017_1332_1345,0.4970123693540470
2017_1332_1348,0.79789826581998
2017_1332_1436,0.7910696428612550
2017_1332_1413,0.9522712448080820
2017_1332_1417,0.5327316287214870
2017_1332_1371,0.7752343094904180
2017_1332_1455,0.4344268866048030
2017_1332_1448,0.7647664177363160
2017_1332_1457,0.9193835368160550
2017_1332_1411,0.9480544790899430
2017_1345_1437,0.2718927504382370
2017_1345_1438,0.35637960662847800
2017_1345_1374,0.42777546054524500
2017_1345_1376,0.6591830705104500
2017_1345_1458,0.473882487256788
2017_1345_1439,0.6977146278003530
2017_1345_1425,0.7325833869573580
2017_1345_1423,0.7621118704010540
2017_1345_1407,0.9103324806328350
2017_1345_1452,0.4148665854595490
2017_1345_1388,0.4751555216226630
2017_1345_1435,0.6605059233316710
2017_1345_1433,0.7089553452018680
2017_1345_1462,0.6689992373311580
2017_1345_1355,0.9179534961180380
2017_1345_1348,0.7073202726347430
2017_1345_1436,0.7748824868989610
2017_1345_1413,0.9528114847464650
2017_1345_1417,0.43683891008394400
2017_1345_1371,0.7231695443944200
2017_1345_1455,0.3677967882297660
2017_1345_1448,0.688663024814189
2017_1345_1457,0.8858349312224040
2017_1345_1411,0.9325381676439150
2017_1235_1437,0.2760950378760790
2017_1235_1438,0.36123984128206300
2017_1235_1374,0.40683758741111100
2017_1235_1376,0.6395783818005380
2017_1235_1458,0.4524723327027050
2017_1235_1439,0.7021515291868060
2017_1235_1266,0.6088291985294700
2017_1235_1344,0.7108625330253560
2017_1235_1425,0.7153778245535000
2017_1235_1423,0.7659206720923460
2017_1235_1308,0.7773613912305010
2017_1235_1407,0.9030497899149250
2017_1235_1291,0.9354115573957720
2017_1235_1309,0.92775319862683
2017_1235_1452,0.42000394627588000
2017_1235_1323,0.5044488183390260
2017_1235_1268,0.699122147691344
2017_1235_1388,0.48042647731132200
2017_1235_1321,0.6458098934478470
2017_1235_1435,0.6409358793925500
2017_1235_1433,0.7132950545033850
2017_1235_1462,0.6496591007580680
2017_1235_1343,0.76292687387102
2017_1235_1315,0.9111711254339710
2017_1235_1355,0.9112294168151940
2017_1235_1242,0.2593941702024570
2017_1235_1257,0.35568365269063500
2017_1235_1332,0.493742826700507
2017_1235_1345,0.4907558872968620
2017_1235_1276,0.5161210855803190
2017_1235_1274,0.5985149358552010
2017_1235_1277,0.6574889017515140
2017_1235_1329,0.5095514539540410
2017_1235_1348,0.699606335686332
2017_1235_1305,0.7585734313998390
2017_1235_1436,0.7683660951590840
2017_1235_1240,0.9023352212136480
2017_1235_1300,0.9207837591609750
2017_1235_1413,0.9511206481778760
2017_1235_1314,0.3153354709910000
2017_1235_1246,0.34175890313147900
2017_1235_1417,0.4157797525801870
2017_1235_1278,0.6498836062517720
2017_1235_1371,0.7056016989983180
2017_1235_1455,0.34800921835861200
2017_1235_1243,0.6200642484570340
2017_1235_1448,0.6931743588962860
2017_1235_1292,0.6795635116525230
2017_1235_1457,0.8768317800965370
2017_1235_1245,0.8829633327831490
2017_1235_1297,0.9060477405225520
2017_1235_1411,0.926914201665896
2017_1166_1437,0.2613242893501090
2017_1166_1181,0.39847037836208700
2017_1166_1196,0.4073011378911170
2017_1166_1438,0.34407905323629600
2017_1166_1374,0.3888292458762150
2017_1166_1376,0.6469363631134200
2017_1166_1458,0.4339217047142120
2017_1166_1439,0.686193360232111
2017_1166_1266,0.5907850215346390
2017_1166_1344,0.6951684622824680
2017_1166_1425,0.6998253473022770
2017_1166_1423,0.7521732235272240
2017_1166_1190,0.7660515207170410
2017_1166_1308,0.7640788903459870
2017_1166_1407,0.8962651556756820
2017_1166_1291,0.9307178713321280
2017_1166_1309,0.9225490551060550
2017_1166_1211,0.23967884930632800
2017_1166_1199,0.45808749913187400
2017_1166_1452,0.40180759336932600
2017_1166_1323,0.4856573942429390
2017_1166_1268,0.6830749301736770
2017_1166_1388,0.46169618852640800
2017_1166_1321,0.6284304907223130
2017_1166_1435,0.6234567610734260
2017_1166_1433,0.6976768653182290
2017_1166_1462,0.6323610516361470
2017_1166_1343,0.7490612056412950
2017_1166_1195,0.842352274688917
2017_1166_1315,0.9048949726427790
2017_1166_1355,0.9049569529680260
2017_1166_1242,0.2518121070340580
2017_1166_1257,0.34660426180649300
2017_1166_1332,0.31281755579977900
2017_1166_1345,0.4808014783997850
2017_1166_1235,0.490038519515768
2017_1166_1276,0.5061635643202900
2017_1166_1274,0.588902434627547
2017_1166_1277,0.6484590448991680
2017_1166_1329,0.4995898173598390
2017_1166_1348,0.6667399691856310
2017_1166_1305,0.7512000897470240
2017_1166_1436,0.7801436748844490
2017_1166_1233,0.8739247896515090
2017_1166_1240,0.8987665336416440
2017_1166_1300,0.9178277954367360
2017_1166_1413,0.949234297099559
2017_1166_1314,0.2993334704017660
2017_1166_1246,0.32505262000413900
2017_1166_1417,0.39764093938958100
2017_1166_1278,0.6325903730676910
2017_1166_1173,0.6523514499474150
2017_1166_1371,0.6897467041258990
2017_1166_1455,0.3311511099211480
2017_1166_1243,0.6021997069465700
2017_1166_1448,0.6769564975169440
2017_1166_1292,0.6629760110882260
2017_1166_1457,0.8802530907445270
2017_1166_1245,0.88623642187011
2017_1166_1297,0.8994495445873390
2017_1166_1411,0.9216547263351140
2017_1276_1437,0.2526091116250820
2017_1276_1438,0.3338513514497270
2017_1276_1374,0.3780380036051710
2017_1276_1376,0.6364413069460980
2017_1276_1458,0.4491094328292700
2017_1276_1439,0.6762813226596440
2017_1276_1344,0.7080627022642390
2017_1276_1425,0.7126040401329030
2017_1276_1423,0.7435664293052630
2017_1276_1308,0.7750016802465020
2017_1276_1407,0.9018540390610310
2017_1276_1291,0.9277158786415160
2017_1276_1309,0.9268374466040020
2017_1276_1452,0.3908865277654730
2017_1276_1323,0.5010531287358800
2017_1276_1388,0.4503728860350590
2017_1276_1321,0.6426967565080200
2017_1276_1435,0.6378039288800640
2017_1276_1433,0.6879626073224990
2017_1276_1462,0.6465612804389600
2017_1276_1343,0.7403836374131160
2017_1276_1315,0.9100655648869370
2017_1276_1355,0.9101245101997000
2017_1276_1332,0.47763076687546200
2017_1276_1345,0.4746499129168390
2017_1276_1277,0.6428182163146560
2017_1276_1329,0.559771993874841
2017_1276_1348,0.6623245387156730
2017_1276_1305,0.7465635307620500
2017_1276_1436,0.7566870851231150
2017_1276_1300,0.9073156125264170
2017_1276_1413,0.9480329385890780
2017_1276_1314,0.28984807984662400
2017_1276_1417,0.4124841144231170
2017_1276_1278,0.64678669177397
2017_1276_1371,0.6798945458820650
2017_1276_1455,0.32111955664462400
2017_1276_1448,0.6668943320588760
2017_1276_1292,0.6765984844996080
2017_1276_1457,0.8753572972930790
2017_1276_1297,0.9048850708545810
2017_1276_1411,0.9182945025313690
2017_1274_1437,0.21182490180578300
2017_1274_1438,0.284951327155475
2017_1274_1374,0.32583154684144500
2017_1274_1376,0.5819385006799300
2017_1274_1458,0.39329449522417500
2017_1274_1439,0.6242247046650760
2017_1274_1344,0.6340268945411000
2017_1274_1425,0.6634819317710860
2017_1274_1423,0.697489871735985
2017_1274_1308,0.7325417851304130
2017_1274_1407,0.8796141868727870
2017_1274_1291,0.9107564045796510
2017_1274_1309,0.9004856514515300
2017_1274_1452,0.33786959946864200
2017_1274_1323,0.44398544143274000
2017_1274_1388,0.39451337608323200
2017_1274_1321,0.5885254344289450
2017_1274_1435,0.583371675484037
2017_1274_1433,0.6367755394776130
2017_1274_1462,0.5926044678725030
2017_1274_1343,0.6939705617732110
2017_1274_1315,0.8784649871691680
2017_1274_1355,0.8785418800859320
2017_1274_1332,0.39548559203200000
2017_1274_1345,0.392632064130432
2017_1274_1276,0.41707938233462300
2017_1274_1277,0.5890621065863100
2017_1274_1329,0.41070040841198700
2017_1274_1348,0.6097217651164070
2017_1274_1305,0.6782176993089010
2017_1274_1436,0.7124010158024150
2017_1274_1300,0.8863272701676250
2017_1274_1413,0.9288399394735030
2017_1274_1314,0.24502262599753700
2017_1274_1417,0.3582607908524770
2017_1274_1278,0.5667202797776870
2017_1274_1371,0.6280994405927860
2017_1274_1455,0.27331924293610700
2017_1274_1448,0.61418936409682
2017_1274_1292,0.6245645550054640
2017_1274_1457,0.8481244117362220
2017_1274_1297,0.8832431304516380
2017_1274_1411,0.899364346864559
2017_1277_1437,0.15883527278082500
2017_1277_1438,0.21874553125596800
2017_1277_1374,0.2534948357494700
2017_1277_1376,0.4944443861281690
2017_1277_1458,0.31293263095064900
2017_1277_1439,0.5385631289894440
2017_1277_1344,0.5753757842510510
2017_1277_1425,0.5807590609381970
2017_1277_1423,0.6183176584927110
2017_1277_1308,0.6580457365308350
2017_1277_1407,0.8369656476961860
2017_1277_1291,0.8776053361229960
2017_1277_1309,0.8761992011013210
2017_1277_1452,0.2639065360132800
2017_1277_1323,0.3594016030454790
2017_1277_1388,0.3140313684417010
2017_1277_1321,0.5012283329470770
2017_1277_1435,0.4959176895212010
2017_1277_1433,0.5519213146915730
2017_1277_1462,0.5054455455716290
2017_1277_1343,0.614386502431726
2017_1277_1315,0.8497013881547140
2017_1277_1355,0.8497933675948150
2017_1277_1332,0.3368968354458440
2017_1277_1345,0.33423231387765100
2017_1277_1329,0.35116702538891400
2017_1277_1348,0.5481751249517080
2017_1277_1305,0.6207541463327400
2017_1277_1436,0.6334356553550060
2017_1277_1300,0.8447066112392840
2017_1277_1413,0.9102067561440440
2017_1277_1314,0.18568481281470900
2017_1277_1417,0.2817332308221760
2017_1277_1278,0.5056921500053570
2017_1277_1371,0.5426740280111330
2017_1277_1455,0.2090260165197490
2017_1277_1448,0.52797002681548
2017_1277_1292,0.5389232275178180
2017_1277_1457,0.79689600610327
2017_1277_1297,0.841648760813944
2017_1277_1411,0.874842277372593
2017_1329_1437,0.2705039718822360
2017_1329_1438,0.35476955375413800
2017_1329_1374,0.40006210139488300
2017_1329_1376,0.6576027369175980
2017_1329_1458,0.44550766076311700
2017_1329_1439,0.6962306265874760
2017_1329_1344,0.7050420528790120
2017_1329_1425,0.7312046185921630
2017_1329_1423,0.7608356442992730
2017_1329_1407,0.9097572729318170
2017_1329_1452,0.4131619199002800
2017_1329_1388,0.4734035537143230
2017_1329_1435,0.6344316437739650
2017_1329_1433,0.7075033935493870
2017_1329_1462,0.6674414571523290
2017_1329_1343,0.757797376137829
2017_1329_1355,0.9089256588212970
2017_1329_1332,0.4841951510601430
2017_1329_1345,0.4812110691961210
2017_1329_1348,0.6915154017224890
2017_1329_1436,0.780424962913683
2017_1329_1413,0.9493133032868790
2017_1329_1417,0.43511109683199900
2017_1329_1371,0.6997200509000250
2017_1329_1455,0.3416491581235570
2017_1329_1448,0.6871545116502070
2017_1329_1457,0.8851224054503450
2017_1329_1411,0.9249839824888730
2017_1348_1437,0.14794809549492400
2017_1348_1438,0.20475145083681200
2017_1348_1374,0.23795479544108600
2017_1348_1376,0.4735024869361290
2017_1348_1458,0.2733767282997540
2017_1348_1439,0.5176659919028620
2017_1348_1425,0.5602123994820550
2017_1348_1423,0.5983386474807720
2017_1348_1407,0.8091828345232320
2017_1348_1452,0.24794021703069400
2017_1348_1388,0.29625300100220800
2017_1348_1435,0.4483245441763140
2017_1348_1433,0.5311024310543120
2017_1348_1462,0.45776838846396100
2017_1348_1355,0.8237361715135970
2017_1348_1436,0.6132350263493990
2017_1348_1413,0.893105456675848
2017_1348_1417,0.2650767851726690
2017_1348_1371,0.5217977564964050
2017_1348_1455,0.19549813821049300
2017_1348_1448,0.5070322751353860
2017_1348_1457,0.7829837968446200
2017_1348_1411,0.8523755875415300
2017_1305_1437,0.14399972800224500
2017_1305_1438,0.1996423393455200
2017_1305_1374,0.23225914404886900
2017_1305_1376,0.4656136697739940
2017_1305_1458,0.2886429891455960
2017_1305_1439,0.5097537750965100
2017_1305_1344,0.5202470509699160
2017_1305_1425,0.552394640428459
2017_1305_1423,0.5907034652092800
2017_1305_1308,0.6315932631621700
2017_1305_1407,0.8205801031604990
2017_1305_1309,0.863111863451926
2017_1305_1452,0.24208148302849500
2017_1305_1323,0.333254552165911
2017_1305_1388,0.2896924018307670
2017_1305_1321,0.47237165210778800
2017_1305_1435,0.46708043521273500
2017_1305_1433,0.5232076173969890
2017_1305_1462,0.47657806128514100
2017_1305_1343,0.5866780152428610
2017_1305_1315,0.8343424884711940
2017_1305_1355,0.8190901124485770
2017_1305_1332,0.2368722933736770
2017_1305_1345,0.23471884293406500
2017_1305_1329,0.24849338648210400
2017_1305_1348,0.4256918742811350
2017_1305_1436,0.5135551613272210
2017_1305_1413,0.8609749913313530
2017_1305_1314,0.16884485003665900
2017_1305_1417,0.25895254802817300
2017_1305_1371,0.5138896712450790
2017_1305_1455,0.19056459303176900
2017_1305_1448,0.49911440391052500
2017_1305_1457,0.7775536401219900
2017_1305_1411,0.8483454417495150
2017_1436_1437,0.0987695796697331
2017_1436_1438,0.1397890364360680
2017_1436_1458,0.19189514611476800
2017_1436_1439,0.4038396044717700
2017_1436_1452,0.17224297653903900
2017_1436_1462,0.37232196047441400
2017_1436_1455,0.13298063581839000
2017_1436_1448,0.39363586453329100
2017_1436_1457,0.6948631633054240
2017_1233_1437,0.04743210385250360
2017_1233_1438,0.06875749012883270
2017_1233_1374,0.08218663939630400
2017_1233_1376,0.20502714340996500
2017_1233_1458,0.09738415736698640
2017_1233_1439,0.2353431054374990
2017_1233_1266,0.16888451025102700
2017_1233_1344,0.24298740281220200
2017_1233_1425,0.26755716770628100
2017_1233_1423,0.2993219867026130
2017_1233_1308,0.3366308300925050
2017_1233_1407,0.5487528639288420
2017_1233_1291,0.6540758952315520
2017_1233_1309,0.6263829474699880
2017_1233_1452,0.08637638945969850
2017_1233_1323,0.11731027765066400
2017_1233_1268,0.2327538846809510
2017_1233_1388,0.1077164892029630
2017_1233_1321,0.19227799409617600
2017_1233_1435,0.18900036114993900
2017_1233_1433,0.24517650001571700
2017_1233_1462,0.2122929359267060
2017_1233_1343,0.29584692831837900
2017_1233_1315,0.5725032780229590
2017_1233_1355,0.5726795839629890
2017_1233_1242,0.04083612163096800
2017_1233_1257,0.06288353021177890
2017_1233_1332,0.06812537533990690
2017_1233_1345,0.10485982732509400
2017_1233_1235,0.10838205680042000
2017_1233_1276,0.1261296560053850
2017_1233_1274,0.1534110921798920
2017_1233_1277,0.20619680299511400
2017_1233_1329,0.11213017016408400
2017_1233_1348,0.223977029273259
2017_1233_1305,0.27637774533234900
2017_1233_1436,0.309807341769414
2017_1233_1240,0.5555983272829860
2017_1233_1300,0.5855668579337150
2017_1233_1413,0.7028508877237270
2017_1233_1314,0.0567198523124006
2017_1233_1246,0.0701644471895836
2017_1233_1417,0.0937381830760542
2017_1233_1278,0.19506644423355400
2017_1233_1371,0.23833495553525100
2017_1233_1455,0.06514666304216220
2017_1233_1243,0.17564647172555300
2017_1233_1448,0.2277701565034950
2017_1233_1292,0.21683944754135100
2017_1233_1457,0.5085151345012000
2017_1233_1245,0.52300777175696
2017_1233_1297,0.5836086210269680
2017_1233_1411,0.6234645751362250
2017_1240_1437,0.03851600448992540
2017_1240_1438,0.056068681046345200
2017_1240_1374,0.067198388226109
2017_1240_1376,0.17183074911918500
2017_1240_1458,0.08811037911716820
2017_1240_1439,0.19846359172331400
2017_1240_1266,0.15396326170123400
2017_1240_1344,0.22327790577505700
2017_1240_1425,0.22712900047926600
2017_1240_1423,0.25577018399146500
2017_1240_1308,0.2898965032901990
2017_1240_1407,0.5213215373212950
2017_1240_1291,0.6033545085382570
2017_1240_1309,0.6002328601942460
2017_1240_1452,0.07068290342070810
2017_1240_1323,0.10636256117483000
2017_1240_1268,0.1961760200678590
2017_1240_1388,0.08852144587770880
2017_1240_1321,0.175726895113602
2017_1240_1435,0.17267108395725300
2017_1240_1433,0.20717353961290600
2017_1240_1462,0.1781838020150000
2017_1240_1343,0.25261845625913300
2017_1240_1315,0.5453194590542530
2017_1240_1355,0.5454980757478770
2017_1240_1242,0.03652446289441060
2017_1240_1257,0.03956033067711970
2017_1240_1332,0.09548108059134530
2017_1240_1345,0.09445394574289650
2017_1240_1276,0.0864061836996765
2017_1240_1274,0.13893498111069600
2017_1240_1277,0.1720281145048420
2017_1240_1329,0.10735095581906500
2017_1240_1348,0.1846330393210690
2017_1240_1305,0.2537765633086820
2017_1240_1436,0.2641834812872030
2017_1240_1300,0.530549879481131
2017_1240_1413,0.6780534893718950
2017_1240_1314,0.04614244897097510
2017_1240_1246,0.057231949301877300
2017_1240_1417,0.07681961704617810
2017_1240_1278,0.17832831123084900
2017_1240_1371,0.20110991078920800
2017_1240_1455,0.05308622557712050
2017_1240_1243,0.16024297936984500
2017_1240_1448,0.19177972851558600
2017_1240_1292,0.19869420834885100
2017_1240_1457,0.45425871309679800
2017_1240_1245,0.46867960072440900
2017_1240_1297,0.5299797409046380
2017_1240_1411,0.5972415645070170
2017_1300_1437,0.03428454061786560
2017_1300_1438,0.0500091363488949
2017_1300_1374,0.06001248829374620
2017_1300_1376,0.15531897082267600
2017_1300_1458,0.07887733816390300
2017_1300_1439,0.17994866002657300
2017_1300_1344,0.18623188016781100
2017_1300_1425,0.2066292294297920
2017_1300_1423,0.23346625259484400
2017_1300_1308,0.26567901253229200
2017_1300_1407,0.49114274451798300
2017_1300_1309,0.5709344801656540
2017_1300_1452,0.06314961063155620
2017_1300_1323,0.09541701529639580
2017_1300_1388,0.07924907298732140
2017_1300_1321,0.15891256357903500
2017_1300_1435,0.15609377504020000
2017_1300_1433,0.18803666868461900
2017_1300_1462,0.16118035232531300
2017_1300_1343,0.23050424101988500
2017_1300_1315,0.48844186884139200
2017_1300_1355,0.4886218762393060
2017_1300_1332,0.07740964865539480
2017_1300_1345,0.08449544659872030
2017_1300_1329,0.08204854554726980
2017_1300_1348,0.1669193200180260
2017_1300_1305,0.21279329105770700
2017_1300_1436,0.24109439778715500
2017_1300_1413,0.676682104898899
2017_1300_1314,0.04110894829467310
2017_1300_1417,0.06868061787915160
2017_1300_1371,0.18240428222515600
2017_1300_1455,0.04733284283429570
2017_1300_1448,0.17375317390518000
2017_1300_1457,0.42451916563709200
2017_1300_1411,0.5413968231424800
2017_1413_1437,0.02595861434303590
2017_1413_1438,0.03801484647877370
2017_1413_1458,0.06039945040163010
2017_1413_1439,0.14142907398381700
2017_1413_1425,0.16353738243244700
2017_1413_1423,0.18609039292866000
2017_1413_1452,0.048163467962374400
2017_1413_1435,0.12192134848915500
2017_1413_1433,0.14809844202349000
2017_1413_1462,0.1260607017854630
2017_1413_1436,0.15950297572450900
2017_1413_1417,0.052455394923569700
2017_1413_1455,0.035956145716851400
2017_1413_1448,0.13633929616400400
2017_1413_1457,0.356399853703512
2017_1314_1437,0.4529835536067750
2017_1314_1438,0.5511467208235590
2017_1314_1374,0.5982641830979730
2017_1314_1376,0.8109313840254930
2017_1314_1458,0.6663788751548400
2017_1314_1439,0.8365605455062450
2017_1314_1344,0.842223872748136
2017_1314_1425,0.8586578522845420
2017_1314_1423,0.8766098196442130
2017_1314_1407,0.9574713941156520
2017_1314_1452,0.6112417189016560
2017_1314_1323,0.711018241170974
2017_1314_1388,0.6675129319760560
2017_1314_1321,0.815056966694484
2017_1314_1435,0.8118333704389830
2017_1314_1433,0.8437940940750040
2017_1314_1462,0.8175863868636840
2017_1314_1343,0.8748002884770650
2017_1314_1315,0.9612296561569300
2017_1314_1355,0.9570587259107010
2017_1314_1332,0.6014001246128510
2017_1314_1345,0.6892076543232840
2017_1314_1329,0.6907107234527180
2017_1314_1348,0.8266634946363280
2017_1314_1436,0.8831236054592000
2017_1314_1413,0.9688207629700550
2017_1314_1417,0.7215531699233770
2017_1314_1371,0.8447396903979840
2017_1314_1455,0.5535096731767260
2017_1314_1448,0.8323280658475090
2017_1314_1457,0.9462690691280940
2017_1314_1411,0.9779987597345100
2017_1246_1437,0.39754709830432100
2017_1246_1438,0.4945582060039490
2017_1246_1374,0.5426870090996950
2017_1246_1376,0.7736435763256660
2017_1246_1458,0.6141473612606630
2017_1246_1439,0.8031000004241240
2017_1246_1266,0.7498587721339090
2017_1246_1344,0.8256408434303850
2017_1246_1425,0.8287953979699660
2017_1246_1423,0.8498770961952580
2017_1246_1308,0.8705489565932800
2017_1246_1407,0.9472023412280570
2017_1246_1291,0.9616232156984640
2017_1246_1309,0.9611395818014290
2017_1246_1452,0.5561278638543930
2017_1246_1323,0.662233076019487
2017_1246_1268,0.800806078620822
2017_1246_1388,0.6153564824822400
2017_1246_1321,0.7783604196648070
2017_1246_1435,0.7746740228730750
2017_1246_1433,0.8114807322518620
2017_1246_1462,0.7812570335531210
2017_1246_1343,0.8477436188435860
2017_1246_1315,0.9518224196220840
2017_1246_1355,0.9518554442883740
2017_1246_1257,0.5042126799370370
2017_1246_1332,0.5459275119461280
2017_1246_1345,0.6386119294276850
2017_1246_1276,0.6612901744819220
2017_1246_1274,0.7105926635925830
2017_1246_1277,0.777511633022795
2017_1246_1329,0.6402319614750120
2017_1246_1348,0.8088162445336140
2017_1246_1305,0.7968566973577580
2017_1246_1436,0.8701767091808430
2017_1246_1300,0.9489465143755910
2017_1246_1413,0.9611810478587260
2017_1246_1314,0.4426707816874820
2017_1246_1417,0.6730140844561360
2017_1246_1278,0.7738852292432610
2017_1246_1371,0.8069337969065680
2017_1246_1455,0.5829561611332000
2017_1246_1448,0.7976849511780800
2017_1246_1292,0.7993348485436940
2017_1246_1457,0.9332804880640940
2017_1246_1297,0.9488466001748570
2017_1246_1411,0.961797452685232
2017_1417_1437,0.32496666766122400
2017_1417_1438,0.41651131960137900
2017_1417_1458,0.5372896306484340
2017_1417_1439,0.7484645446099020
2017_1417_1425,0.7793307556201060
2017_1417_1423,0.8050708382083950
2017_1417_1452,0.4775446959856250
2017_1417_1435,0.7149505706647350
2017_1417_1433,0.7584713722595910
2017_1417_1462,0.722653746132021
2017_1417_1436,0.8145622867130860
2017_1417_1455,0.3235910217660530
2017_1417_1448,0.783692030907109
2017_1417_1457,0.871731885036861
2017_1139_1437,0.23717743690918900
2017_1139_1181,0.36796367336981500
2017_1139_1196,0.37654156146477600
2017_1139_1438,0.31555206850206000
2017_1139_1374,0.38364409540484100
2017_1139_1376,0.616916235874647
2017_1139_1458,0.4285568834201920
2017_1139_1439,0.657745264763741
2017_1139_1266,0.585486693630396
2017_1139_1344,0.6905136470743730
2017_1139_1425,0.6952104653176320
2017_1139_1423,0.7273297167759370
2017_1139_1190,0.7421222737961770
2017_1139_1308,0.7601132312658410
2017_1139_1407,0.8942138219536280
2017_1139_1291,0.9219145765923550
2017_1139_1309,0.920971649922921
2017_1139_1211,0.23571556152679600
2017_1139_1199,0.45266281727631400
2017_1139_1452,0.3712030587368460
2017_1139_1323,0.4801955300764080
2017_1139_1268,0.6544864799925690
2017_1139_1388,0.4298076282427360
2017_1139_1321,0.6233087969699050
2017_1139_1435,0.618308149764599
2017_1139_1433,0.6697688060403400
2017_1139_1462,0.6272614017505350
2017_1139_1343,0.7240201965363140
2017_1139_1195,0.824438814741614
2017_1139_1315,0.902995821640629
2017_1139_1355,0.9030589070574510
2017_1139_1242,0.3396265378061210
2017_1139_1257,0.3239517823292850
2017_1139_1332,0.3867380386213060
2017_1139_1345,0.45433355708467200
2017_1139_1235,0.4757552562143870
2017_1139_1166,0.49453192305465500
2017_1139_1276,0.4791441412744430
2017_1139_1274,0.5363714818043690
2017_1139_1277,0.622154472168773
2017_1139_1329,0.4560760739025030
2017_1139_1348,0.6659259673169750
2017_1139_1305,0.6489079357161310
2017_1139_1436,0.7595111444427620
2017_1139_1233,0.8742303711018650
2017_1139_1240,0.8858654590784480
2017_1139_1300,0.8975190833740180
2017_1139_1413,0.9210524566198330
2017_1139_1314,0.27164976475833700
2017_1139_1246,0.31952868153459900
2017_1139_1417,0.4914784565789450
2017_1139_1278,0.6164346348369870
2017_1139_1153,0.4682952575152480
2017_1139_1173,0.6495383361230820
2017_1139_1371,0.6624585883847090
2017_1139_1455,0.31617483872220400
2017_1139_1243,0.5901302650423740
2017_1139_1448,0.6492966425164120
2017_1139_1292,0.6516281658448660
2017_1139_1457,0.8678716125042440
2017_1139_1245,0.8754360898331460
2017_1139_1297,0.8995612100977300
2017_1139_1411,0.9220091078793440
2017_1278_1437,0.1704498289542070
2017_1278_1438,0.23352471182678300
2017_1278_1374,0.26981097582609700
2017_1278_1376,0.48875365871244800
2017_1278_1458,0.3080580121799780
2017_1278_1439,0.5328998660027520
2017_1278_1344,0.5698034309695150
2017_1278_1425,0.5752051960480780
2017_1278_1423,0.6380454598617330
2017_1278_1308,0.6529038078444200
2017_1278_1407,0.8338347567474100
2017_1278_1291,0.8863938248877570
2017_1278_1309,0.8737080583590400
2017_1278_1452,0.2595071595164460
2017_1278_1323,0.3541762681503970
2017_1278_1388,0.3091473354510910
2017_1278_1321,0.4955360580967750
2017_1278_1435,0.49022644795279200
2017_1278_1433,0.5727093554163100
2017_1278_1462,0.4997533649866260
2017_1278_1343,0.6341972835915880
2017_1278_1315,0.8467702964297960
2017_1278_1355,0.8468637463549230
2017_1278_1332,0.2723926088470560
2017_1278_1345,0.3307823403879730
2017_1278_1329,0.35654871223074600
2017_1278_1348,0.5419867258230250
2017_1278_1305,0.5231758392182010
2017_1278_1436,0.6521557763698010
2017_1278_1300,0.8386862216310040
2017_1278_1413,0.8738305715776140
2017_1278_1314,0.18835865589387100
2017_1278_1417,0.375537788758158
2017_1278_1371,0.5497913258731120
2017_1278_1455,0.22341949504661500
2017_1278_1448,0.5353177648971720
2017_1278_1292,0.5378677141620570
2017_1278_1457,0.8034230522561200
2017_1278_1297,0.84786025731901
2017_1278_1411,0.8803259889175330
2017_1153_1437,0.2615323034714290
2017_1153_1181,0.3987286329843940
2017_1153_1196,0.4075612380559120
2017_1153_1438,0.3443222345663480
2017_1153_1374,0.38908529367180000
2017_1153_1376,0.6471823961049130
2017_1153_1458,0.4606952361018060
2017_1153_1439,0.6864252967163280
2017_1153_1266,0.6166931523288100
2017_1153_1344,0.717626606264358
2017_1153_1425,0.7220775650728630
2017_1153_1423,0.7523739920685030
2017_1153_1190,0.7662445402589750
2017_1153_1308,0.783044583732631
2017_1153_1407,0.9059129168584000
2017_1153_1291,0.9307873074347370
2017_1153_1309,0.9299433822620820
2017_1153_1211,0.2599714728934680
2017_1153_1199,0.48507439630563200
2017_1153_1452,0.40206656519397600
2017_1153_1323,0.5127317509000920
2017_1153_1268,0.6833081077745550
2017_1153_1388,0.4619639506863550
2017_1153_1321,0.6533536935888240
2017_1153_1435,0.6485269925374200
2017_1153_1433,0.6979040508982050
2017_1153_1462,0.6571644394011610
2017_1153_1343,0.7492636548737590
2017_1153_1195,0.8424952854931920
2017_1153_1315,0.9138173027006880
2017_1153_1355,0.9138740217403790
2017_1153_1242,0.3694070137694070
2017_1153_1257,0.353092705289021
2017_1153_1332,0.3921951959113000
2017_1153_1345,0.4867583764786550
2017_1153_1235,0.5082848096088510
2017_1153_1166,0.5270545952790990
2017_1153_1276,0.5116792485537390
2017_1153_1274,0.5685507578992770
2017_1153_1277,0.6522400701209910
2017_1153_1329,0.48851391860142800
2017_1153_1348,0.694239151001793
2017_1153_1305,0.677965939379773
2017_1153_1436,0.7636781443579240
2017_1153_1233,0.8767322191014300
2017_1153_1240,0.8983828973136780
2017_1153_1300,0.9088898869552680
2017_1153_1413,0.930015712438874
2017_1153_1314,0.2974899912196190
2017_1153_1246,0.3477488229020940
2017_1153_1417,0.36645946012704100
2017_1153_1278,0.6459837634856000
2017_1153_1173,0.6778699008467860
2017_1153_1371,0.6902437706451250
2017_1153_1455,0.344248624524632
2017_1153_1243,0.6039963672914470
2017_1153_1448,0.6769689285075970
2017_1153_1292,0.6798740512346010
2017_1153_1457,0.881765797457758
2017_1153_1245,0.8851836971628340
2017_1153_1297,0.9104668029244020
2017_1153_1411,0.9306651836047170
2017_1173_1437,0.14483055875906400
2017_1173_1181,0.24076666838066600
2017_1173_1196,0.24754070125125600
2017_1173_1438,0.20071893072370900
2017_1173_1374,0.23346031876854800
2017_1173_1376,0.4672871385926380
2017_1173_1458,0.2900256078197480
2017_1173_1439,0.5114340578129820
2017_1173_1266,0.4348279322396600
2017_1173_1344,0.5485969814510840
2017_1173_1425,0.5540566284508370
2017_1173_1423,0.5923281866959920
2017_1173_1190,0.6105227878578580
2017_1173_1308,0.6331564722477050
2017_1173_1407,0.8215679566800620
2017_1173_1291,0.865428715619797
2017_1173_1309,0.8639043829310840
2017_1173_1211,0.14383055439475900
2017_1173_1199,0.31057430739652200
2017_1173_1452,0.24331735665331900
2017_1173_1323,0.334750303833515
2017_1173_1268,0.5078245959802120
2017_1173_1388,0.2910779903774530
2017_1173_1321,0.47404786343431700
2017_1173_1435,0.4687545514890850
2017_1173_1433,0.5248847667297210
2017_1173_1462,0.47825566934992600
2017_1173_1343,0.5883075791846110
2017_1173_1195,0.7189374467308930
2017_1173_1315,0.835269780141907
2017_1173_1355,0.8353688802265780
2017_1173_1242,0.21883350048268400
2017_1173_1257,0.20698629323136100
2017_1173_1332,0.2358064604148490
2017_1173_1345,0.31201957530211800
2017_1173_1235,0.3307990485591440
2017_1173_1276,0.33381286075961600
2017_1173_1274,0.38656486349986600
2017_1173_1277,0.4728229958666500
2017_1173_1329,0.3135298900870400
2017_1173_1348,0.5205628120529880
2017_1173_1305,0.5016810326266620
2017_1173_1436,0.6071233234555920
2017_1173_1233,0.7727890027342010
2017_1173_1240,0.8087129627403410
2017_1173_1300,0.8267031361957000
2017_1173_1413,0.8640349265090280
2017_1173_1314,0.16752383497983700
2017_1173_1246,0.21294108488304500
2017_1173_1417,0.3427416958635590
2017_1173_1278,0.46441817526599900
2017_1173_1371,0.5143109178184160
2017_1173_1455,0.27440897381180900
2017_1173_1243,0.4372066303920960
2017_1173_1448,0.49973460611247200
2017_1173_1292,0.5022982762394490
2017_1173_1457,0.7799301169660070
2017_1173_1245,0.791318718444112
2017_1173_1297,0.8338455767021920
2017_1173_1411,0.8644733896726400
2017_1116_1437,0.18190412048708000
2017_1116_1181,0.2939563982897470
2017_1116_1124,0.3202035063324290
2017_1116_1196,0.3016323975564960
2017_1116_1438,0.24795073395662500
2017_1116_1374,0.2856432115106930
2017_1116_1376,0.535240644584913
2017_1116_1458,0.3251352148722780
2017_1116_1439,0.5788317692670100
2017_1116_1266,0.4757212673500720
2017_1116_1344,0.5890384960264790
2017_1116_1425,0.5943706718797380
2017_1116_1423,0.6560709838252830
2017_1116_1190,0.672991290789211
2017_1116_1308,0.6705714229458480
2017_1116_1407,0.8444863819550540
2017_1116_1291,0.8941041571029290
2017_1116_1309,0.8821649050008880
2017_1116_1211,0.1653643671642960
2017_1116_1199,0.34695583535987600
2017_1116_1452,0.29685026142261500
2017_1116_1323,0.3724339794640260
2017_1116_1268,0.575306757164631
2017_1116_1388,0.350254899941399
2017_1116_1321,0.5152668903553950
2017_1116_1435,0.5099595833551260
2017_1116_1433,0.5919075460296090
2017_1116_1462,0.5194791991101000
2017_1116_1343,0.6523100177440050
2017_1116_1137,0.733937112856419
2017_1116_1195,0.770552301612296
2017_1116_1315,0.8567351886314280
2017_1116_1355,0.8568235888627760
2017_1116_1242,0.24833937325598000
2017_1116_1257,0.23537609215584900
2017_1116_1332,0.28831651697812100
2017_1116_1345,0.34848482830507800
2017_1116_1235,0.3682841655798580
2017_1116_1166,0.38594184875212800
2017_1116_1276,0.3714499301635240
2017_1116_1274,0.4527564687257890
2017_1116_1277,0.5140396105377230
2017_1116_1329,0.37485773610134100
2017_1116_1348,0.5615084140187910
2017_1116_1305,0.5692911079386490
2017_1116_1436,0.6698422132059190
2017_1116_1233,0.8170312972256680
2017_1116_1240,0.8329467938004090
2017_1116_1300,0.8623176979124590
2017_1116_1413,0.8929706363875910
2017_1116_1314,0.1562339607619170
2017_1116_1246,0.23869146493173100
2017_1116_1417,0.3922133952240670
2017_1116_1139,0.40036889066846300
2017_1116_1278,0.5176211845447720
2017_1116_1153,0.3703028860889580
2017_1116_1173,0.553069911236282
2017_1116_1371,0.5018511857625500
2017_1116_1455,0.23589197162825600
2017_1116_1243,0.49014517929058400
2017_1116_1448,0.5528074924024860
2017_1116_1292,0.555341187768451
2017_1116_1457,0.814321929747493
2017_1116_1245,0.8243316265006830
2017_1116_1297,0.8567347206259520
2017_1116_1411,0.8808644779930570
2017_1371_1437,0.13728417923083100
2017_1371_1438,0.19091059040572400
2017_1371_1374,0.22249741529170000
2017_1371_1376,0.45181605199993600
2017_1371_1458,0.2563925372568210
2017_1371_1439,0.4958618613654780
2017_1371_1425,0.5386173835110240
2017_1371_1423,0.5772028473101510
2017_1371_1407,0.8122519542714920
2017_1371_1452,0.2320316940737670
2017_1371_1388,0.2783920890730270
2017_1371_1435,0.42685634635976600
2017_1371_1433,0.5093299760803580
2017_1371_1462,0.4627368802439690
2017_1371_1436,0.5921689622485590
2017_1371_1413,0.8565490001146030
2017_1371_1417,0.32996147212808700
2017_1371_1455,0.1906678073121330
2017_1371_1448,0.48542390973577500
2017_1371_1457,0.7699448569738950
2017_1371_1411,0.880085209906457
2017_1455_1458,0.6075713973143390
2017_1455_1462,0.7945526401771700
2017_1455_1457,0.9342372366176670
2017_1243_1437,0.1894272723673040
2017_1243_1438,0.2573461740181000
2017_1243_1374,0.29590493977169900
2017_1243_1376,0.5475956007756200
2017_1243_1458,0.33614808524438000
2017_1243_1439,0.5909135989058600
2017_1243_1266,0.48814535541127900
2017_1243_1344,0.6010293451248760
2017_1243_1425,0.6315970144302920
2017_1243_1423,0.6672109820597210
2017_1243_1308,0.6814697789386900
2017_1243_1407,0.8509103794846700
2017_1243_1291,0.898724333218392
2017_1243_1309,0.8872402904495460
2017_1243_1452,0.30734138448875700
2017_1243_1323,0.38413701980513200
2017_1243_1268,0.5874176300687210
2017_1243_1388,0.3616626444258150
2017_1243_1321,0.5276842697879080
2017_1243_1435,0.5223868980174550
2017_1243_1433,0.6038709795886240
2017_1243_1462,0.5584729765200840
2017_1243_1343,0.6635093556235340
2017_1243_1315,0.8627354517545140
2017_1243_1355,0.8628207424031230
2017_1243_1257,0.244449927725163
2017_1243_1332,0.2986341351868840
2017_1243_1345,0.35986685231223800
2017_1243_1276,0.40878488789761500
2017_1243_1274,0.46511287317424000
2017_1243_1277,0.5530950564777180
2017_1243_1329,0.3865900215204870
2017_1243_1348,0.5737212153574980
2017_1243_1305,0.5814487226883650
2017_1243_1436,0.6807532082867670
2017_1243_1300,0.8681201434258410
2017_1243_1413,0.8976346053192370
2017_1243_1314,0.2057441341463790
2017_1243_1246,0.24592920527015900
2017_1243_1417,0.2541068062458040
2017_1243_1278,0.5274569332713790
2017_1243_1371,0.576828126956314
2017_1243_1455,0.2430719272576770
2017_1243_1448,0.5003078110994600
2017_1243_1292,0.5650540923292540
2017_1243_1457,0.8202092473932510
2017_1243_1245,0.8348388305930600
2017_1243_1297,0.8615059624831690
2017_1243_1411,0.8914326469696120
2017_1448_1458,0.28937088558068800
2017_1448_1452,0.24273202712981500
2017_1448_1462,0.47746178739017400
2017_1448_1455,0.19983021059920900
2017_1448_1457,0.780112270739365
2017_1292_1437,0.1390828556637680
2017_1292_1438,0.19325448338195300
2017_1292_1374,0.24437878525361600
2017_1292_1376,0.45555959821095200
2017_1292_1458,0.28040511821396700
2017_1292_1439,0.4996377263787110
2017_1292_1344,0.5368854247202400
2017_1292_1425,0.5423685592973370
2017_1292_1423,0.5808844207293030
2017_1292_1308,0.622127655458577
2017_1292_1407,0.8145444148606890
2017_1292_1309,0.858259805092203
2017_1292_1452,0.23473397775316100
2017_1292_1323,0.32432395465296100
2017_1292_1388,0.28143642996870400
2017_1292_1321,0.46229789517576500
2017_1292_1435,0.45702177839364800
2017_1292_1433,0.5131040171732870
2017_1292_1462,0.4664939104908860
2017_1292_1343,0.602771604011835
2017_1292_1315,0.8286731053308740
2017_1292_1355,0.8287753603958830
2017_1292_1332,0.24679932375869400
2017_1292_1345,0.30197983277741500
2017_1292_1329,0.32659755730453800
2017_1292_1348,0.5087751901703860
2017_1292_1305,0.4898840942618460
2017_1292_1436,0.6213517633750830
2017_1292_1300,0.8198374020238460
2017_1292_1413,0.8583948755016610
2017_1292_1314,0.16624567492371500
2017_1292_1417,0.34067375631519700
2017_1292_1371,0.5387503848625080
2017_1292_1455,0.19819554242958300
2017_1292_1448,0.49743633612783400
2017_1292_1457,0.7783481493545090
2017_1292_1297,0.8272347693276780
2017_1292_1411,0.8633927123633660
2017_1457_1458,0.10400922921444500
2017_1457_1462,0.20665244825928400
2017_1245_1437,0.04344019210973550
2017_1245_1438,0.06308969104871500
2017_1245_1374,0.07550160264988990
2017_1245_1376,0.19042334768894500
2017_1245_1458,0.09872406135113120
2017_1245_1439,0.21917528622971800
2017_1245_1266,0.17102178584690400
2017_1245_1344,0.22644995103992500
2017_1245_1425,0.24989953668906100
2017_1245_1423,0.28037046836321800
2017_1245_1308,0.3163837366212050
2017_1245_1407,0.5525016942681280
2017_1245_1291,0.6329533719924220
2017_1245_1309,0.629921788334801
2017_1245_1452,0.079380034270431
2017_1245_1323,0.11888823279918000
2017_1245_1268,0.21671352963892900
2017_1245_1388,0.09917925922621950
2017_1245_1321,0.19464198694103900
2017_1245_1435,0.19133360227309400
2017_1245_1433,0.22853503866856400
2017_1245_1462,0.19730005154404000
2017_1245_1343,0.2770284418741290
2017_1245_1315,0.576207177280628
2017_1245_1355,0.5500062933567560
2017_1245_1257,0.06541133009352670
2017_1245_1332,0.07641860223686550
2017_1245_1345,0.10842628808896900
2017_1245_1276,0.11844766307107300
2017_1245_1274,0.1445505235010610
2017_1245_1277,0.19387294414018200
2017_1245_1329,0.10910740856760800
2017_1245_1348,0.2073173441145920
2017_1245_1305,0.2125707027498930
2017_1245_1436,0.2929733081079090
2017_1245_1300,0.5612450288716140
2017_1245_1413,0.6301806922895020
2017_1245_1314,0.050394162312324000
2017_1245_1246,0.06262951975638930
2017_1245_1417,0.06979141773619400
2017_1245_1278,0.18611398893001000
2017_1245_1371,0.21829443427209700
2017_1245_1455,0.06172754199472490
2017_1245_1448,0.21373031311663700
2017_1245_1292,0.21020344682015900
2017_1245_1457,0.4830980618055700
2017_1245_1297,0.5603186505862210
2017_1245_1411,0.6271617536551680
2017_1297_1437,0.03430797790782560
2017_1297_1438,0.050042766113189000
2017_1297_1374,0.0600524197991467
2017_1297_1376,0.1554118332243110
2017_1297_1458,0.07892876808749530
2017_1297_1439,0.18005310913934200
2017_1297_1344,0.20314893782844200
2017_1297_1425,0.20674526064652700
2017_1297_1423,0.23359291683934300
2017_1297_1308,0.2658170928992230
2017_1297_1407,0.49131960188293400
2017_1297_1309,0.5711078225683140
2017_1297_1452,0.06319148920886660
2017_1297_1323,0.09547811165447400
2017_1297_1388,0.07930072442413460
2017_1297_1321,0.15900717007157900
2017_1297_1435,0.15618701502690200
2017_1297_1433,0.18814473530619900
2017_1297_1462,0.16127605003854800
2017_1297_1343,0.23062978176622000
2017_1297_1315,0.5154235398843920
2017_1297_1355,0.5156034686490820
2017_1297_1332,0.06079412121296710
2017_1297_1345,0.08687310421554700
2017_1297_1329,0.08743210771321680
2017_1297_1348,0.18551288726977000
2017_1297_1305,0.1743641680022680
2017_1297_1436,0.24480837887214200
2017_1297_1300,0.5001769117720470
2017_1297_1413,0.5713798753304640
2017_1297_1314,0.03997799487085340
2017_1297_1417,0.09740045612426490
2017_1297_1371,0.17974313018741100
2017_1297_1455,0.07007762614106780
2017_1297_1448,0.17130456344463800
2017_1297_1457,0.42309303845583000
2017_1297_1411,0.568958821894256
2017_1411_1437,0.029194610497613100
2017_1411_1438,0.042687903704043000
2017_1411_1458,0.061173688942259700
2017_1411_1439,0.15674322234464600
2017_1411_1425,0.16540097710832800
2017_1411_1423,0.20508536919241100
2017_1411_1452,0.05401401887005210
2017_1411_1435,0.12338065779967900
2017_1411_1433,0.16399681688005800
2017_1411_1462,0.12756235850051200
2017_1411_1436,0.21531663718517600
2017_1411_1413,0.5301654146183010
2017_1411_1417,0.07557457087653450
2017_1411_1455,0.03763823638495230
2017_1411_1448,0.1354022851435450
2017_1411_1457,0.35716428399884100